source_group,exact_symbol,identity_basis,current_status,timeframes_requested,history_range_requested,server_time_contract,closed_availability_contract,fallback_used,next_required_action
GOLD_BASELINE,GOLD#,Stage273 confirmed XMTrading-MT5 3 / GOLD#,CONFIRMED_BASELINE_REFERENCE,"M1;M5;M15;H1;H4;D1","2023-01-01 to 2027-01-01 exclusive","broker server bar OPEN time","source_close_time<=decision_time",false,Include in same Stage277 MT5 inventory run
XAGUSD,,No exact broker symbol observed in this chat,PENDING_MT5_EXPORT,"M1;M5;M15;H1;H4;D1","2023-01-01 to 2027-01-01 exclusive","broker server bar OPEN time","source_close_time<=decision_time",false,Run ExportGoldV3ExternalContextInventory.mq5
USDJPY,,No exact broker symbol observed in this chat,PENDING_MT5_EXPORT,"M1;M5;M15;H1;H4;D1","2023-01-01 to 2027-01-01 exclusive","broker server bar OPEN time","source_close_time<=decision_time",false,Run ExportGoldV3ExternalContextInventory.mq5
EURUSD,,No exact broker symbol observed in this chat,PENDING_MT5_EXPORT,"M1;M5;M15;H1;H4;D1","2023-01-01 to 2027-01-01 exclusive","broker server bar OPEN time","source_close_time<=decision_time",false,Run ExportGoldV3ExternalContextInventory.mq5
US500_RISK_PROXY,,No exact broker symbol observed in this chat,PENDING_MT5_EXPORT,"M1;M5;M15;H1;H4;D1","2023-01-01 to 2027-01-01 exclusive","broker server bar OPEN time","source_close_time<=decision_time",false,Run ExportGoldV3ExternalContextInventory.mq5
NAS100_RISK_PROXY,,No exact broker symbol observed in this chat,PENDING_MT5_EXPORT,"M1;M5;M15;H1;H4;D1","2023-01-01 to 2027-01-01 exclusive","broker server bar OPEN time","source_close_time<=decision_time",false,Run ExportGoldV3ExternalContextInventory.mq5
USD_INDEX_PROXY,,No exact broker symbol observed in this chat,PENDING_MT5_EXPORT,"M1;M5;M15;H1;H4;D1","2023-01-01 to 2027-01-01 exclusive","broker server bar OPEN time","source_close_time<=decision_time",false,Run ExportGoldV3ExternalContextInventory.mq5
YIELD_PROXY,,No exact broker symbol observed in this chat,PENDING_MT5_EXPORT,"M1;M5;M15;H1;H4;D1","2023-01-01 to 2027-01-01 exclusive","broker server bar OPEN time","source_close_time<=decision_time",false,Run ExportGoldV3ExternalContextInventory.mq5
ECONOMIC_CALENDAR,,Non-symbol source not audited,BLOCKED_SEPARATE_NON_SYMBOL_SOURCE_NOT_AUDITED,NA,2023-2026,Must be explicitly verified,Event availability must be entry-known,false,Create a separate explicit calendar availability audit only after symbol inventory
