decision_time,entry_time,exit_time,candidate_id,candidate_family,direction,h4_body_fraction,m15_ema200_slope12_atr14,base_r,strong_r,extreme_r,outcome,holding_minutes
2023-05-31 17:00:00,2023-05-31 17:00:00,2023-05-31 17:01:00,GML1-MLC-005-S,HIGH_VOL_EXHAUSTION_REVERSAL,SHORT,0.875725900116,0.371682761482,1.5,1.38307930263,1.26615860526,TARGET,1
2023-09-20 20:30:00,2023-09-20 20:30:00,2023-09-20 21:01:00,GML1-MLC-005-S,HIGH_VOL_EXHAUSTION_REVERSAL,SHORT,0.97972972973,0.875224117353,1.5,1.25553127814,1.01106255629,TARGET,31
2023-10-13 15:00:00,2023-10-13 15:00:00,2023-10-13 15:04:00,GML1-MLC-005-S,HIGH_VOL_EXHAUSTION_REVERSAL,SHORT,0.809267241379,0.827126997909,-1.0,-1.15200123391,-1.30400246781,PROTECTIVE,4
2023-10-13 15:45:00,2023-10-13 15:45:00,2023-10-13 15:49:00,GML1-MLC-005-S,HIGH_VOL_EXHAUSTION_REVERSAL,SHORT,0.809267241379,0.655270295483,-1.0,-1.09270512939,-1.18541025878,PROTECTIVE,4
2023-10-13 16:45:00,2023-10-13 16:45:00,2023-10-13 16:48:00,GML1-MLC-005-S,HIGH_VOL_EXHAUSTION_REVERSAL,SHORT,0.806486781139,0.807713599655,-1.0,-1.08818295868,-1.17636591735,PROTECTIVE,3
2023-10-18 17:00:00,2023-10-18 17:00:00,2023-10-18 17:29:00,GML1-MLC-005-S,HIGH_VOL_EXHAUSTION_REVERSAL,SHORT,0.893617021277,0.90054297705,1.5,1.38958631979,1.27917263957,TARGET,29
2023-11-21 17:00:00,2023-11-21 17:00:00,2023-11-21 18:24:00,GML1-MLC-005-S,HIGH_VOL_EXHAUSTION_REVERSAL,SHORT,0.818971275885,0.549312966213,1.5,1.37516045768,1.25032091536,TARGET,84
2023-12-01 20:45:00,2023-12-01 20:45:00,2023-12-01 21:54:00,GML1-MLC-005-S,HIGH_VOL_EXHAUSTION_REVERSAL,SHORT,0.912426765341,0.670679248271,1.5,1.40444783261,1.30889566522,TARGET,69
2023-12-27 20:15:00,2023-12-27 20:15:00,2023-12-27 20:34:00,GML1-MLC-005-S,HIGH_VOL_EXHAUSTION_REVERSAL,SHORT,0.84934086629,0.912250221376,1.5,1.34952658753,1.19905317506,TARGET,19
2024-01-12 16:15:00,2024-01-12 16:15:00,2024-01-12 16:26:00,GML1-MLC-005-S,HIGH_VOL_EXHAUSTION_REVERSAL,SHORT,0.970430107527,0.622535331432,-1.0,-1.11001449933,-1.22002899866,PROTECTIVE,11
2024-03-21 00:30:00,2024-03-21 00:30:00,2024-03-21 00:39:00,GML1-MLC-005-S,HIGH_VOL_EXHAUSTION_REVERSAL,SHORT,0.905073140367,0.516670449253,1.5,1.44017351293,1.38034702586,TARGET,9
2024-05-17 16:30:00,2024-05-17 16:30:00,2024-05-17 16:42:00,GML1-MLC-005-S,HIGH_VOL_EXHAUSTION_REVERSAL,SHORT,0.732793522267,0.467445373925,1.5,1.38443360996,1.26886721991,TARGET,12
2024-05-17 17:15:00,2024-05-17 17:15:00,2024-05-17 17:26:00,GML1-MLC-005-S,HIGH_VOL_EXHAUSTION_REVERSAL,SHORT,0.732793522267,0.489571112697,-1.0,-1.09870767759,-1.19741535517,PROTECTIVE,11
2024-05-17 18:15:00,2024-05-17 18:15:00,2024-05-17 19:11:00,GML1-MLC-005-S,HIGH_VOL_EXHAUSTION_REVERSAL,SHORT,0.732793522267,0.534850111073,-1.0,-1.07838368864,-1.15676737728,PROTECTIVE,56
2024-07-11 18:30:00,2024-07-11 18:30:00,2024-07-11 20:03:00,GML1-MLC-005-S,HIGH_VOL_EXHAUSTION_REVERSAL,SHORT,0.787247474747,0.672861388933,1.5,1.43586017464,1.37172034928,TARGET,93
2024-08-16 17:00:00,2024-08-16 17:00:00,2024-08-16 17:03:00,GML1-MLC-005-S,HIGH_VOL_EXHAUSTION_REVERSAL,SHORT,0.938061617458,0.5182998943,1.5,1.42723935839,1.35447871678,TARGET,3
2024-11-22 13:15:00,2024-11-22 13:15:00,2024-11-22 13:32:00,GML1-MLC-005-S,HIGH_VOL_EXHAUSTION_REVERSAL,SHORT,0.771441817339,1.19381359807,1.5,1.40856336894,1.31712673787,TARGET,17
2024-11-25 01:45:00,2024-11-25 01:45:00,2024-11-25 03:01:00,GML1-MLC-005-S,HIGH_VOL_EXHAUSTION_REVERSAL,SHORT,0.811142587347,0.774928882099,1.5,1.42921289912,1.35842579825,TARGET,76
2025-01-02 11:15:00,2025-01-02 11:15:00,2025-01-02 12:09:00,GML1-MLC-005-S,HIGH_VOL_EXHAUSTION_REVERSAL,SHORT,0.749999999999,0.694882824661,1.5,1.38839611901,1.27679223803,TARGET,54
2025-01-30 18:15:00,2025-01-30 18:15:00,2025-01-30 22:48:00,GML1-MLC-005-S,HIGH_VOL_EXHAUSTION_REVERSAL,SHORT,0.959670781893,0.821951971131,-1.0,-1.10120562894,-1.20241125787,PROTECTIVE,273
2025-02-11 04:30:00,2025-02-11 04:30:00,2025-02-11 04:35:00,GML1-MLC-005-S,HIGH_VOL_EXHAUSTION_REVERSAL,SHORT,0.911504424779,1.09037301982,1.5,1.41796857666,1.33593715333,TARGET,5
2025-03-31 09:00:00,2025-03-31 09:00:00,2025-03-31 09:12:00,GML1-MLC-005-S,HIGH_VOL_EXHAUSTION_REVERSAL,SHORT,0.87861715749,1.0395840264,-1.0,-1.07844236487,-1.15688472973,PROTECTIVE,12
2025-03-31 10:15:00,2025-03-31 10:15:00,2025-03-31 12:49:00,GML1-MLC-005-S,HIGH_VOL_EXHAUSTION_REVERSAL,SHORT,0.87861715749,0.950199222698,1.5,1.43606941418,1.37213882837,TARGET,154
2025-04-21 17:00:00,2025-04-21 17:00:00,2025-04-21 17:10:00,GML1-MLC-005-S,HIGH_VOL_EXHAUSTION_REVERSAL,SHORT,0.755798090041,1.10874126624,-1.0,-1.05036962626,-1.10073925252,PROTECTIVE,10
2025-05-23 16:15:00,2025-05-23 16:15:00,2025-05-23 16:34:00,GML1-MLC-005-S,HIGH_VOL_EXHAUSTION_REVERSAL,SHORT,0.825405405405,0.549251509534,1.5,1.45071656804,1.40143313608,TARGET,19
2025-07-11 18:00:00,2025-07-11 18:00:00,2025-07-11 18:20:00,GML1-MLC-005-S,HIGH_VOL_EXHAUSTION_REVERSAL,SHORT,0.905800082271,0.647966814622,-1.0,-1.07091566894,-1.14183133788,PROTECTIVE,20
2025-07-11 18:30:00,2025-07-11 18:30:00,2025-07-11 18:52:00,GML1-MLC-005-S,HIGH_VOL_EXHAUSTION_REVERSAL,SHORT,0.905800082271,0.714809421025,1.5,1.42876399979,1.35752799958,TARGET,22
2025-07-21 17:00:00,2025-07-21 17:00:00,2025-07-21 17:11:00,GML1-MLC-005-S,HIGH_VOL_EXHAUSTION_REVERSAL,SHORT,0.821345707657,0.865579644891,-1.0,-1.09174460084,-1.18348920167,PROTECTIVE,11
2025-07-22 16:15:00,2025-07-22 16:15:00,2025-07-22 16:23:00,GML1-MLC-005-S,HIGH_VOL_EXHAUSTION_REVERSAL,SHORT,0.806157849089,0.60537751777,-1.0,-1.09644289005,-1.19288578011,PROTECTIVE,8
2025-07-22 17:00:00,2025-07-22 17:00:00,2025-07-22 17:01:00,GML1-MLC-005-S,HIGH_VOL_EXHAUSTION_REVERSAL,SHORT,0.806157849089,0.679100197583,1.5,1.41798811286,1.33597622572,TARGET,1
2025-08-01 17:30:00,2025-08-01 17:30:00,2025-08-01 22:31:00,GML1-MLC-005-S,HIGH_VOL_EXHAUSTION_REVERSAL,SHORT,0.895821408128,0.465858112382,-1.0,-1.04992016823,-1.09984033645,PROTECTIVE,301
2025-08-20 18:00:00,2025-08-20 18:00:00,2025-08-20 18:24:00,GML1-MLC-005-S,HIGH_VOL_EXHAUSTION_REVERSAL,SHORT,0.848285580085,0.397863649707,1.5,1.39884743249,1.29769486498,TARGET,24
2025-09-08 17:15:00,2025-09-08 17:15:00,2025-09-08 17:58:00,GML1-MLC-005-S,HIGH_VOL_EXHAUSTION_REVERSAL,SHORT,0.752601156069,0.981844748325,-1.0,-1.06377474775,-1.12754949551,PROTECTIVE,43
2025-09-23 12:30:00,2025-09-23 12:30:00,2025-09-23 15:12:00,GML1-MLC-005-S,HIGH_VOL_EXHAUSTION_REVERSAL,SHORT,0.933855799373,1.01755174643,1.5,1.43716553398,1.37433106796,TARGET,162
2025-10-17 03:00:00,2025-10-17 03:00:00,2025-10-17 04:17:00,GML1-MLC-005-S,HIGH_VOL_EXHAUSTION_REVERSAL,SHORT,0.757369614512,0.988735137547,1.5,1.47613626676,1.45227253352,TARGET,77
2025-11-28 20:45:00,2025-11-28 20:45:00,2025-11-28 21:40:00,GML1-MLC-005-S,HIGH_VOL_EXHAUSTION_REVERSAL,SHORT,0.999710312862,0.703524191775,0.160640949598,0.112448664718,0.064256379839,TIME,55
2025-12-23 04:00:00,2025-12-23 04:00:00,2025-12-23 04:33:00,GML1-MLC-005-S,HIGH_VOL_EXHAUSTION_REVERSAL,SHORT,0.8541575011,1.36850726694,-1.0,-1.05475217482,-1.10950434965,PROTECTIVE,33
2026-01-12 03:00:00,2026-01-12 03:00:00,2026-01-12 03:45:00,GML1-MLC-005-S,HIGH_VOL_EXHAUSTION_REVERSAL,SHORT,0.873194786897,0.755547743767,1.5,1.46448534866,1.42897069732,TARGET,45
2026-01-21 04:45:00,2026-01-21 04:45:00,2026-01-21 05:04:00,GML1-MLC-005-S,HIGH_VOL_EXHAUSTION_REVERSAL,SHORT,0.835567367691,1.0206028179,-1.0,-1.03129525045,-1.06259050091,PROTECTIVE,19
2026-01-21 05:15:00,2026-01-21 05:15:00,2026-01-21 05:41:00,GML1-MLC-005-S,HIGH_VOL_EXHAUSTION_REVERSAL,SHORT,0.835567367691,1.08275171318,-1.0,-1.02859342268,-1.05718684536,PROTECTIVE,26
2026-01-21 07:45:00,2026-01-21 07:45:00,2026-01-21 08:26:00,GML1-MLC-005-S,HIGH_VOL_EXHAUSTION_REVERSAL,SHORT,0.835567367691,1.40221571372,-1.0,-1.03068446326,-1.06136892653,PROTECTIVE,41
2026-01-29 01:45:00,2026-01-29 01:45:00,2026-01-29 01:56:00,GML1-MLC-005-S,HIGH_VOL_EXHAUSTION_REVERSAL,SHORT,0.796143617021,0.859580583731,1.5,1.4859247212,1.47184944241,TARGET,11
2026-01-29 02:45:00,2026-01-29 02:45:00,2026-01-29 03:10:00,GML1-MLC-005-S,HIGH_VOL_EXHAUSTION_REVERSAL,SHORT,0.796143617021,0.89755667357,1.5,1.48768392561,1.47536785122,TARGET,25
2026-03-02 09:30:00,2026-03-02 09:30:00,2026-03-02 11:21:00,GML1-MLC-005-S,HIGH_VOL_EXHAUSTION_REVERSAL,SHORT,0.823176823177,1.11139423352,1.5,1.47007520171,1.44015040341,TARGET,111
2026-04-08 03:15:00,2026-04-08 03:15:00,2026-04-08 04:21:00,GML1-MLC-005-S,HIGH_VOL_EXHAUSTION_REVERSAL,SHORT,0.750772558714,0.566514529473,1.5,1.48273344853,1.46546689705,TARGET,66
2026-06-12 01:15:00,2026-06-12 01:15:00,2026-06-12 01:44:00,GML1-MLC-005-S,HIGH_VOL_EXHAUSTION_REVERSAL,SHORT,0.880499325236,0.364877578169,-1.0,-1.0318377075,-1.063675415,PROTECTIVE,29
